"id","ms"
1,225.617418044483
2,232.830972712087
3,227.818638582197
4,231.453620905076
5,234.704075281571
6,230.136453461239
7,232.846094380354
8,230.938564963588
9,226.521833185554
10,227.36960531188
11,234.189112528783
12,232.008085099873
13,225.583315386045
14,229.967955342593
15,231.907872810019
16,223.581721969592
17,223.944749882658
18,225.24535848535
19,225.858395699257
20,231.177704807229
21,225.927597853244
22,231.074762239059
23,227.2339896441
24,227.357449081089
25,229.493220102228
